时间戳,序号,发言者类型,编号,用户ID,说话内容,最终Willingness,Persona分数,Scene分数,Topic分数,是否触发插话,Agent策略,Agent插话内容,Agent编号
2026-01-17 22:11:13,1,用户,未知,u_fd8436fc,我现在的工作让我很苦恼,0.5311,0.5933,0.0000,1.0000,否,,,
2026-01-17 22:11:32,2,用户,未知,u_fd8436fc,我现在的工作让我很苦恼,0.7865,0.5933,0.7661,1.0000,是,引导思考解决方案,考虑换个工作环境或角色,
2026-01-17 22:11:32,2-agent,Agent,,agent,考虑换个工作环境或角色,0.7865,0.5933,0.7661,1.0000,是,引导思考解决方案,考虑换个工作环境或角色,
2026-01-17 22:11:33,2-agent-number,Agent编号,58,agent,Agent编号: 58 (对应消息seq: 2),,,,,,,,,58
2026-01-17 22:11:56,3,用户,未知,u_fd8436fc,我总是觉得工作没有意思,0.5548,0.4365,0.7661,0.4617,否,,,
2026-01-17 22:12:18,4,用户,未知,u_fd8436fc,我不知道有什么领导的角色会比较好,0.7550,0.7769,0.7661,0.7222,是,提供职业建议,考虑探索不同领域的领导职位,
2026-01-17 22:12:18,4-agent,Agent,,agent,考虑探索不同领域的领导职位,0.7550,0.7769,0.7661,0.7222,是,提供职业建议,考虑探索不同领域的领导职位,
2026-01-17 22:12:18,4-agent-number,Agent编号,58,agent,Agent编号: 58 (对应消息seq: 4),,,,,,,,,58
2026-01-17 22:12:27,EXPERIMENT_END,实验结束,,system,实验已结束,,,,,,,,
